-- phpMyAdmin SQL Dump
-- version 5.2.1
-- https://www.phpmyadmin.net/
--
-- Хост: localhost
-- Час створення: Гру 17 2025 р., 15:49
-- Версія сервера: 10.4.28-MariaDB
-- Версія PHP: 8.2.4

SET SQL_MODE = "NO_AUTO_VALUE_ON_ZERO";
START TRANSACTION;
SET time_zone = "+00:00";


/*!40101 SET @OLD_CHARACTER_SET_CLIENT=@@CHARACTER_SET_CLIENT */;
/*!40101 SET @OLD_CHARACTER_SET_RESULTS=@@CHARACTER_SET_RESULTS */;
/*!40101 SET @OLD_COLLATION_CONNECTION=@@COLLATION_CONNECTION */;
/*!40101 SET NAMES utf8mb4 */;

--
-- База даних: `phone_repair_shop`
--

-- --------------------------------------------------------

--
-- Структура таблиці `clients`
--

CREATE TABLE `clients` (
  `id` int(11) NOT NULL,
  `full_name` varchar(100) NOT NULL COMMENT 'ПІБ клієнта',
  `phone` varchar(20) NOT NULL COMMENT 'Контактний телефон',
  `email` varchar(100) DEFAULT NULL,
  `address` varchar(255) DEFAULT NULL COMMENT 'Адреса проживання',
  `registration_date` datetime DEFAULT current_timestamp()
) ENGINE=InnoDB DEFAULT CHARSET=utf8mb4 COLLATE=utf8mb4_unicode_ci;

--
-- Дамп даних таблиці `clients`
--

INSERT INTO `clients` (`id`, `full_name`, `phone`, `email`, `address`, `registration_date`) VALUES
(1, 'Коваленко Іван Петрович', '+380501112233', 'ivan.kov@gmail.com', 'м. Львів, вул. Бандери 12', '2025-11-30 14:29:41'),
(3, 'Петренко Максим Олегович', '+380637778899', 'max.petr@gmail.com', 'м. Львів, пр. Свободи 10', '2025-11-30 14:29:41'),
(4, 'Мельник Андрій Сергійович', '+380509990011', 'melnyk.a@gmail.com', 'м. Стрий, вул. Шевченка 5', '2025-11-30 14:29:41'),
(5, 'Бойко Юлія Володимирівна', '+380671234567', 'yulia.b@ukr.net', 'м. Львів, вул. Наукова 2', '2025-11-30 14:29:41'),
(6, 'Маркіян (Клієнт)', '000-00-00', NULL, NULL, '2025-11-30 16:04:34'),
(7, 'Кавка Тарас', '0970929280', NULL, NULL, '2025-11-30 20:14:49'),
(8, 'Тарас Кавка', '097 092 80 70', NULL, NULL, '2025-12-08 16:43:30'),
(9, 'Артем Муркот', '096 094 87 59', NULL, NULL, '2025-12-08 16:49:31'),
(10, 'Артем Воловик', '097 098 34 84', 'artemv@ukr.net', NULL, '2025-12-08 22:35:38'),
(11, 'Анатолій Кичигін', '098 356 76 88', 'anatoliy@ukr.net', NULL, '2025-12-09 15:17:38'),
(12, 'Андрій Богаченко', '097 092 82 80', 'andriiybbkb@ukr.net', NULL, '2025-12-09 16:04:32'),
(13, 'Іван Шиян', '097 980 43 83', 'ivanborik@ukr.net', NULL, '2025-12-09 18:22:35'),
(14, 'Андрій Палій', '097 074 54 65', 'andrikp@ukr.net', NULL, '2025-12-09 22:07:08'),
(15, 'Андрій Шевченко', '096 537 85 93', 'shevaa@ukr.net', NULL, '2025-12-09 22:37:59'),
(16, 'Дмитро Лютик', '096 845 65 56', 'dimalll1@ukr.neet', NULL, '2025-12-10 20:58:45'),
(17, 'Ангеліна Острозька', '096 999 54 34', 'angelinao@ukr.net', NULL, '2025-12-11 20:04:05'),
(18, 'Остап Кочан', '097 834 54 31', 'ostap99@ukr.net', NULL, '2025-12-11 20:04:11'),
(19, 'Денис Бойко', '096 932 29 49', 'denis.boiko21@ukr.net', NULL, '2025-12-11 20:32:10'),
(20, 'Дмитро Комаров', '096 435 67 89', 'dmitriiykk@ukr.net', NULL, '2025-12-11 20:42:07'),
(21, 'Петро Порошенко', '097 954 78 65', 'petro.p@ukr.net', NULL, '2025-12-11 20:56:28'),
(22, 'Стасюк Юрій', '066 604 42 13', 'stasik.yy@ukr.net', NULL, '2025-12-12 12:01:50');

-- --------------------------------------------------------

--
-- Структура таблиці `employees`
--

CREATE TABLE `employees` (
  `id` int(11) NOT NULL,
  `full_name` varchar(100) NOT NULL,
  `position` varchar(50) NOT NULL COMMENT 'Посада: Майстер, Менеджер',
  `phone` varchar(20) NOT NULL,
  `hire_date` date NOT NULL COMMENT 'Дата прийняття на роботу',
  `salary` decimal(10,2) DEFAULT NULL COMMENT 'Ставка зарплати'
) ENGINE=InnoDB DEFAULT CHARSET=utf8mb4 COLLATE=utf8mb4_unicode_ci;

--
-- Дамп даних таблиці `employees`
--

INSERT INTO `employees` (`id`, `full_name`, `position`, `phone`, `hire_date`, `salary`) VALUES
(1, 'Гончар Сергій Іванович', 'Старший майстер', '+380501111111', '2020-05-10', 25000.00),
(2, 'Василів Петро Андрійович', 'Майстер з ремонту', '+380672222222', '2021-08-15', 20000.00),
(3, 'Лисенко Анна Юріївна', 'Менеджер-приймальник', '+380633333333', '2022-01-20', 15000.00),
(4, 'Дмитрук Олег Павлович', 'Стажер', '+380994444444', '2023-09-01', 10000.00),
(5, 'Кравчук Ірина Олегівна', 'Адміністратор', '+380975555555', '2019-03-12', 30000.00);

-- --------------------------------------------------------

--
-- Структура таблиці `feedback`
--

CREATE TABLE `feedback` (
  `id` int(11) NOT NULL,
  `user_id` int(11) DEFAULT NULL,
  `phone` varchar(20) DEFAULT NULL,
  `email` varchar(100) DEFAULT NULL,
  `name` varchar(100) DEFAULT NULL,
  `message` text DEFAULT NULL,
  `created_at` datetime DEFAULT current_timestamp(),
  `is_read` int(11) DEFAULT 0,
  `status` varchar(20) DEFAULT 'new'
) ENGINE=InnoDB DEFAULT CHARSET=utf8mb4 COLLATE=utf8mb4_unicode_ci;

--
-- Дамп даних таблиці `feedback`
--

INSERT INTO `feedback` (`id`, `user_id`, `phone`, `email`, `name`, `message`, `created_at`, `is_read`, `status`) VALUES
(3, 2, '097 980 43 83', 'ivanborik@ukr.net', 'Іван Шиян', 'Чи можна оглянути телефони в магазині які є зараз на продажі?', '2025-12-09 18:04:35', 0, 'new'),
(4, 2, '096 537 85 93', 'shevaa@ukr.net', 'Андрій Шевченко', 'Зв\'яжіться зі мною, є декілька питань', '2025-12-12 00:32:02', 0, 'new'),
(5, 2, '097 954 78 65', 'petro.p@ukr.net', 'Петро Порошенко', 'На рахунок співпраці, зв\'яжіться зі мною, є чудова бізнес пропозиція', '2025-12-12 00:35:44', 0, 'new'),
(6, 2, '097 074 54 65', 'andrikp@ukr.net', 'Андрій Палій', 'Скільки ще приблизно часу буде телефон на ремонті?', '2025-12-12 00:39:08', 0, 'new'),
(7, 2, '097 098 34 84', 'artemv@ukr.net', 'Артем Воловик', 'Чи можна повернути телефон, якщо чек загубився але є банківська транзакція?', '2025-12-12 00:44:33', 0, 'new');

-- --------------------------------------------------------

--
-- Структура таблиці `job_applications`
--

CREATE TABLE `job_applications` (
  `id` int(11) NOT NULL,
  `name` varchar(255) NOT NULL,
  `phone` varchar(50) NOT NULL,
  `email` varchar(100) DEFAULT NULL,
  `experience` varchar(100) DEFAULT NULL,
  `vacancy` varchar(100) NOT NULL,
  `message` text DEFAULT NULL,
  `status` enum('new','approved','rejected') DEFAULT 'new',
  `created_at` datetime DEFAULT current_timestamp()
) ENGINE=InnoDB DEFAULT CHARSET=utf8mb4 COLLATE=utf8mb4_unicode_ci;

--
-- Дамп даних таблиці `job_applications`
--

INSERT INTO `job_applications` (`id`, `name`, `phone`, `email`, `experience`, `vacancy`, `message`, `status`, `created_at`) VALUES
(1, 'Степан Андрейків Іванович', '095 345 87 55', 'stepan@ukr.net', 'Немає', 'Майстер з ремонту', 'Мав досвід роботи з пайкою плат для FPV дронів, знайомий зі схемотехнікою різних телефонів та пристроїв', 'approved', '2025-12-10 21:40:02'),
(2, 'Гук Олег Олегович', '096 876 12 23', 'olehguk@ukr.net', '1.5 роки', 'Майстер з ремонту', 'Маю досвід з ремонту різних пристроїв, в тому числі ремонту телефонів, є досвід в роботі з поклейки скла, роботі з різним ПЗ', 'new', '2025-12-11 21:23:05'),
(3, 'Душний Максим Ростиславович', '098 745 76 77', 'maxddd@ukr.net', '3 місяці', 'Менеджер', 'Легко знахожу спільну мову з клієнтами, можу розвʼязати будь який конфлікт, також маю базове знання техніки', 'new', '2025-12-11 21:26:21');

-- --------------------------------------------------------

--
-- Структура таблиці `logs`
--

CREATE TABLE `logs` (
  `id` int(11) NOT NULL,
  `user_id` int(11) DEFAULT NULL,
  `action` varchar(50) DEFAULT NULL COMMENT 'Наприклад: UPDATE, INSERT, DELETE',
  `details` text DEFAULT NULL COMMENT 'Деталі: Змінив ціну замовлення #5',
  `created_at` datetime DEFAULT current_timestamp()
) ENGINE=InnoDB DEFAULT CHARSET=utf8mb4 COLLATE=utf8mb4_unicode_ci;

--
-- Дамп даних таблиці `logs`
--

INSERT INTO `logs` (`id`, `user_id`, `action`, `details`, `created_at`) VALUES
(1, 1, 'DELETE', 'Видалено замовлення #7 (Iphone 11). Сума: 10000.00', '2025-11-30 16:02:05'),
(2, 1, 'INSERT', 'Створено нове замовлення #10 (Тип: repair). Сума: 150.00 грн.', '2025-11-30 16:11:14'),
(3, 1, 'INSERT', 'Створено нове замовлення #11 (Тип: sale). Сума: 1200.00 грн.', '2025-11-30 16:12:32'),
(4, 1, 'INSERT (Продаж)', 'Адмін створив операцію #12 (INSERT (Продаж)). Сума: 37000 грн.', '2025-11-30 17:30:42'),
(5, 1, 'INSERT (Ремонт)', 'Адмін створив операцію #13 (INSERT (Ремонт)). Сума: 3500.00 грн.', '2025-11-30 20:14:49'),
(6, 1, 'DELETE', 'Видалено замовлення #11 (Продаж товару). Сума була: 1200.00 грн.', '2025-12-01 13:46:20'),
(7, 1, 'DELETE', 'Видалено замовлення #4 (iPhone X). Сума була: 250.00 грн.', '2025-12-05 00:49:12'),
(8, 1, 'INSERT', 'Адмін додав на вітрину: Iphone 15 pro max (33000 грн)', '2025-12-05 01:31:29'),
(9, 2, 'INSERT (Магазин)', 'Клієнт купив товар: Samsung Galaxy S21', '2025-12-06 00:21:33'),
(10, 1, 'DELETE', 'Видалено замовлення #1 (iPhone X). Сума була: 150.00 грн.', '2025-12-07 22:52:43'),
(11, 1, 'DELETE', 'Видалено замовлення #14 (Покупка з магазину). Сума була: 13200.00 грн.', '2025-12-07 22:59:41'),
(12, 1, 'DELETE', 'Видалено замовлення #8 (Iphone 11). Сума була: 0.00 грн.', '2025-12-07 22:59:47'),
(13, 1, 'DELETE', 'Видалено замовлення #15 (Продаж: Samsung Galaxy S21). Сума була: 13200.00 грн.', '2025-12-08 14:12:27'),
(14, 1, 'INSERT (Ремонт)', 'Оформлено ремонт #19 (Iphone 11). Клієнт: Тарас Кавка', '2025-12-08 16:43:30'),
(15, 1, 'INSERT (Ремонт)', 'Оформлено ремонт #20 (IPhone 11). Клієнт: Артем Муркот', '2025-12-08 16:49:31'),
(16, 1, 'INSERT (Ремонт)', 'Оформлено ремонт #21 (Samsung S24 Ultra ). Клієнт: Кавка Тарас', '2025-12-08 20:17:13'),
(17, 1, 'INSERT (Ремонт)', 'Оформлено ремонт #22 (iPhone 14 Pro). Клієнт: Тарас Кавка', '2025-12-08 20:34:10'),
(18, 1, 'INSERT (Ремонт)', 'Оформлено ремонт #23 (Samsung S21). Клієнт: Кавка Тарас', '2025-12-08 20:38:02'),
(19, 1, 'UPDATE (Замовлення)', 'Адмін оновив замовлення #29. Статус: in_progress, Ціна: 150.00', '2025-12-08 22:35:38'),
(20, 2, 'LOGIN', 'Користувач увійшов у систему', '2025-12-08 22:38:03'),
(21, 2, 'INSERT (Ремонт)', 'Створено заявку: Google Pixel 10. Проблема: Не працює мікрофон', '2025-12-08 22:39:14'),
(22, 1, 'LOGIN', 'Користувач увійшов у систему', '2025-12-08 22:40:40'),
(23, 2, 'LOGIN', 'Користувач увійшов у систему', '2025-12-08 22:47:23'),
(24, 2, 'LOGIN', 'Користувач увійшов у систему', '2025-12-08 22:50:45'),
(25, 1, 'LOGIN', 'Користувач увійшов у систему', '2025-12-08 22:53:47'),
(26, 1, 'DELETE', 'Видалено замовлення #3 (Xiaomi Redmi Note 10). Сума була: 800.00 грн.', '2025-12-09 14:39:13'),
(27, 2, 'LOGIN', 'Користувач увійшов у систему', '2025-12-09 14:39:40'),
(28, 2, 'INSERT (Ремонт)', 'Створено заявку: Huawie Pura 70. Проблема: Розбитий дисплей', '2025-12-09 14:41:39'),
(29, 1, 'LOGIN', 'Користувач увійшов у систему', '2025-12-09 14:43:08'),
(30, 1, 'LOGIN', 'Користувач увійшов у систему', '2025-12-09 14:57:08'),
(31, 1, 'UPDATE (Замовлення)', 'Адмін оновив замовлення #31. Статус: done, Ціна: 3500.00', '2025-12-09 15:17:38'),
(32, 1, 'UPDATE (Замовлення)', 'Адмін оновив замовлення #30. Статус: done, Ціна: 550.00', '2025-12-09 16:04:32'),
(33, 1, 'UPDATE (Замовлення)', 'Адмін оновив замовлення #30. Статус: in_progress, Ціна: 550.00', '2025-12-09 16:12:31'),
(34, 1, 'UPDATE (Замовлення)', 'Адмін оновив замовлення #31. Статус: done, Email: anatoliy@ukr.net', '2025-12-09 16:53:15'),
(35, 2, 'LOGIN', 'Користувач увійшов у систему', '2025-12-09 17:44:52'),
(36, 1, 'LOGIN', 'Користувач увійшов у систему', '2025-12-09 17:54:36'),
(37, 2, 'LOGIN', 'Користувач увійшов у систему', '2025-12-09 18:01:18'),
(38, 1, 'LOGIN', 'Користувач увійшов у систему', '2025-12-09 18:04:46'),
(39, 2, 'LOGIN', 'Користувач увійшов у систему', '2025-12-09 18:19:45'),
(40, 2, 'INSERT (Ремонт)', 'Створено заявку: iPhone 11. Клієнт: Іван Шиян (ivanborik@ukr.net)', '2025-12-09 18:21:50'),
(41, 1, 'LOGIN', 'Користувач увійшов у систему', '2025-12-09 18:22:08'),
(42, 1, 'UPDATE (Замовлення)', 'Адмін оновив замовлення #32. Статус: done, Email: elena.syd@ukr.net', '2025-12-09 18:22:35'),
(43, 1, 'UPDATE (Замовлення)', 'Адмін оновив замовлення #22. Статус: done, Email: ', '2025-12-09 18:23:14'),
(44, 1, 'UPDATE (Замовлення)', 'Адмін оновив замовлення #30. Статус: done, Email: ', '2025-12-09 18:31:27'),
(45, 1, 'DELETE', 'Видалено замовлення #21 (Samsung S24 Ultra ). Сума була: 550.00 грн.', '2025-12-09 18:38:02'),
(46, 1, 'DELETE', 'Видалено замовлення #23 (Samsung S21). Сума була: 2800.00 грн.', '2025-12-09 18:38:07'),
(47, 1, 'DELETE', 'Видалено замовлення #13 (Google Pixel 9 Pro). Сума була: 3500.00 грн.', '2025-12-09 18:38:11'),
(48, 2, 'LOGIN', 'Користувач увійшов у систему', '2025-12-09 18:38:44'),
(49, 2, 'BUY', 'Куплено товар: iPhone 13 Pro (Іван Шиян)', '2025-12-09 19:02:07'),
(50, 1, 'LOGIN', 'Користувач увійшов у систему', '2025-12-09 19:02:22'),
(51, 1, 'DELETE', 'Видалено замовлення #33 (iPhone 13 Pro). Сума була: 20000.00 грн.', '2025-12-09 19:02:57'),
(52, 2, 'LOGIN', 'Користувач увійшов у систему', '2025-12-09 19:35:44'),
(53, 1, 'LOGIN', 'Користувач увійшов у систему', '2025-12-09 19:48:56'),
(54, 1, 'BUY', 'Куплено товар: Pixel 9 Pro (Іван Шиян)', '2025-12-09 20:25:25'),
(55, 1, 'DELETE', 'Видалено замовлення #34 (Pixel 9 Pro). Сума була: 26000.00 грн.', '2025-12-09 20:44:51'),
(56, 1, 'UPDATE (Магазин)', 'Адмін позначив товар #32 як проданий', '2025-12-09 21:08:25'),
(57, 2, 'LOGIN', 'Користувач увійшов у систему', '2025-12-09 21:17:03'),
(58, 1, 'LOGIN', 'Користувач увійшов у систему', '2025-12-09 21:17:23'),
(59, 2, 'LOGIN', 'Користувач увійшов у систему', '2025-12-09 21:59:23'),
(60, 2, 'BUY', 'Куплено товар: Sumsung S25 Ultra (Андрій Палій)', '2025-12-09 22:00:37'),
(61, 1, 'LOGIN', 'Користувач увійшов у систему', '2025-12-09 22:00:50'),
(62, 1, 'INSERT (Ремонт)', 'Оформлено ремонт #36 (Samsung S21 Ultra ). Клієнт: Андрій Палій', '2025-12-09 22:07:08'),
(63, 1, 'UPDATE', 'Змінено дані замовлення #36 (Клієнт: Андрій Палій)', '2025-12-09 22:07:54'),
(64, 2, 'LOGIN', 'Користувач увійшов у систему', '2025-12-09 22:18:29'),
(65, 2, 'BUY', 'Куплено товар: Pixel 9 Pro (Остап Кочан)', '2025-12-09 22:19:35'),
(66, 2, 'BUY', 'Куплено товар: Xiaomi Note 10 Pro (Ангеліна Острозька)', '2025-12-09 22:20:53'),
(67, 2, 'BUY', 'Куплено товар: iPhone X (Артем Воловик)', '2025-12-09 22:21:49'),
(68, 2, 'BUY', 'Куплено товар: iPhone 13 Pro (Андрій Шевченко)', '2025-12-09 22:23:03'),
(69, 1, 'LOGIN', 'Користувач увійшов у систему', '2025-12-09 22:24:52'),
(70, 2, 'LOGIN', 'Користувач увійшов у систему', '2025-12-09 22:29:05'),
(71, 2, 'BUY', 'Куплено товар: Sumsung S25 Ultra (Андрій Палій)', '2025-12-09 22:30:20'),
(72, 2, 'LOGIN', 'Користувач увійшов у систему', '2025-12-09 22:35:12'),
(73, 2, 'INSERT (Ремонт)', 'Створено заявку: Pixel 9 Pro. Клієнт: Дмитро Лютик (dimalll1@ukr.neet)', '2025-12-09 22:36:51'),
(74, 1, 'LOGIN', 'Користувач увійшов у систему', '2025-12-09 22:37:06'),
(75, 1, 'UPDATE', 'Змінено дані замовлення #41 (Клієнт: Андрій Палій)', '2025-12-09 22:37:51'),
(76, 1, 'UPDATE', 'Змінено дані замовлення #40 (Клієнт: Андрій Шевченко)', '2025-12-09 22:37:59'),
(77, 1, 'DELETE', 'Видалено замовлення #35 (Sumsung S25 Ultra). Сума була: 25000.00 грн.', '2025-12-09 22:39:28'),
(78, 2, 'LOGIN', 'Користувач увійшов у систему', '2025-12-09 22:41:03'),
(79, 1, 'LOGIN', 'Користувач увійшов у систему', '2025-12-10 00:08:27'),
(80, 2, 'LOGIN', 'Користувач увійшов у систему', '2025-12-10 20:13:25'),
(81, 1, 'LOGIN', 'Користувач увійшов у систему', '2025-12-10 20:52:17'),
(82, 1, 'UPDATE', 'Змінено дані замовлення #42 (Клієнт: Дмитро Лютик)', '2025-12-10 20:58:45'),
(83, 1, 'LOGIN', 'Користувач увійшов у систему', '2025-12-10 21:27:12'),
(84, 2, 'LOGIN', 'Користувач увійшов у систему', '2025-12-10 21:37:47'),
(85, 1, 'LOGIN', 'Користувач увійшов у систему', '2025-12-10 21:40:17'),
(86, 1, 'HR_APPROVE', 'Прийнято на роботу: Степан Андрейків Іванович (Майстер з ремонту (Стажер))', '2025-12-10 22:09:29'),
(87, 1, 'UPDATE', 'Змінено ставку для Степан Андрейків Іванович на 7,500 грн', '2025-12-10 22:13:29'),
(88, 2, 'LOGIN', 'Користувач увійшов у систему', '2025-12-10 22:14:15'),
(89, 1, 'LOGIN', 'Користувач увійшов у систему', '2025-12-11 00:38:15'),
(90, 2, 'LOGIN', 'Користувач увійшов у систему', '2025-12-11 00:54:05'),
(91, 1, 'LOGIN', 'Користувач увійшов у систему', '2025-12-11 19:07:21'),
(92, 1, 'UPDATE', 'Змінено дані замовлення #39 (Клієнт: Артем Воловик)', '2025-12-11 20:03:46'),
(93, 1, 'UPDATE', 'Змінено дані замовлення #38 (Клієнт: Ангеліна Острозька)', '2025-12-11 20:04:05'),
(94, 1, 'UPDATE', 'Змінено дані замовлення #37 (Клієнт: Остап Кочан)', '2025-12-11 20:04:11'),
(95, 1, 'UPDATE', 'Змінено дані замовлення #19 (Клієнт: Тарас Кавка)', '2025-12-11 20:04:37'),
(96, 1, 'UPDATE', 'Змінено дані замовлення #42 (Клієнт: Дмитро Лютик)', '2025-12-11 20:09:30'),
(97, 1, 'UPDATE', 'Змінено дані замовлення #36 (Клієнт: Андрій Палій)', '2025-12-11 20:09:36'),
(98, 1, 'UPDATE', 'Змінено дані замовлення #31 (Клієнт: Анатолій Кичигін)', '2025-12-11 20:09:48'),
(99, 1, 'UPDATE', 'Змінено дані замовлення #31 (Клієнт: Анатолій Кичигін)', '2025-12-11 20:10:06'),
(100, 1, 'UPDATE', 'Змінено дані замовлення #32 (Клієнт: Іван Шиян)', '2025-12-11 20:13:05'),
(101, 1, 'UPDATE', 'Змінено дані замовлення #22 (Клієнт: Тарас Кавка)', '2025-12-11 20:13:13'),
(102, 1, 'UPDATE', 'Змінено дані замовлення #20 (Клієнт: Артем Муркот)', '2025-12-11 20:13:31'),
(103, 1, 'UPDATE', 'Змінено дані замовлення #32 (Клієнт: Іван Шиян)', '2025-12-11 20:13:46'),
(104, 1, 'UPDATE', 'Змінено дані замовлення #29 (Клієнт: Артем Воловик)', '2025-12-11 20:16:12'),
(105, 1, 'INSERT (Ремонт)', 'Оформлено ремонт #43 (iPhone 17 Pro). Клієнт: Денис Бойко', '2025-12-11 20:32:10'),
(106, 2, 'LOGIN', 'Користувач увійшов у систему', '2025-12-11 20:36:46'),
(108, 1, 'LOGIN', 'Користувач увійшов у систему', '2025-12-11 20:43:58'),
(109, 1, 'UPDATE', 'Змінено дані замовлення #46 (Клієнт: Дмитро Комаров)', '2025-12-11 20:44:16'),
(110, 1, 'INSERT (Ремонт)', 'Оформлено ремонт #47 (Xiaomi Note 10 Pro). Клієнт: Петро Порошенко', '2025-12-11 20:56:28'),
(111, 1, 'UPDATE', 'Змінено дані замовлення #46 (Клієнт: Дмитро Комаров)', '2025-12-11 20:57:06'),
(112, 1, 'UPDATE', 'Змінено дані замовлення #47 (Клієнт: Петро Порошенко)', '2025-12-11 21:01:29'),
(113, 2, 'LOGIN', 'Користувач увійшов у систему', '2025-12-11 21:02:19'),
(114, 1, 'LOGIN', 'Користувач увійшов у систему', '2025-12-11 21:03:54'),
(115, 1, 'UPDATE', 'Змінено дані замовлення #47 (Клієнт: Петро Порошенко)', '2025-12-11 21:05:15'),
(116, 1, 'UPDATE', 'Змінено дані замовлення #20 (Клієнт: Артем Муркот)', '2025-12-11 21:17:08'),
(117, 2, 'LOGIN', 'Користувач увійшов у систему', '2025-12-11 21:19:27'),
(118, 2, 'HR_APPLY', 'Подано заявку на вакансію \'Майстер з ремонту\'. Кандидат: Гук Олег Олегович, Тел: 096 876 12 23', '2025-12-11 21:23:05'),
(119, 2, 'HR_APPLY', 'Подано заявку на вакансію \'Менеджер\'. Кандидат: Душний Максим Ростиславович, Тел: 098 745 76 77', '2025-12-11 21:26:21'),
(120, 1, 'LOGIN', 'Користувач увійшов у систему', '2025-12-11 21:26:33'),
(121, 2, 'LOGIN', 'Користувач увійшов у систему', '2025-12-12 00:18:08'),
(122, 1, 'LOGIN', 'Користувач увійшов у систему', '2025-12-12 00:29:42'),
(123, 2, 'LOGIN', 'Користувач увійшов у систему', '2025-12-12 00:30:28'),
(124, 1, 'LOGIN', 'Користувач увійшов у систему', '2025-12-12 00:32:29'),
(125, 2, 'LOGIN', 'Користувач увійшов у систему', '2025-12-12 00:33:40'),
(126, 1, 'LOGIN', 'Користувач увійшов у систему', '2025-12-12 00:34:02'),
(127, 2, 'LOGIN', 'Користувач увійшов у систему', '2025-12-12 00:34:41'),
(128, 1, 'LOGIN', 'Користувач увійшов у систему', '2025-12-12 00:36:02'),
(129, 2, 'LOGIN', 'Користувач увійшов у систему', '2025-12-12 00:38:12'),
(130, 1, 'LOGIN', 'Користувач увійшов у систему', '2025-12-12 00:39:57'),
(131, 2, 'LOGIN', 'Користувач увійшов у систему', '2025-12-12 00:41:18'),
(132, 1, 'LOGIN', 'Користувач увійшов у систему', '2025-12-12 00:44:45'),
(133, 2, 'LOGIN', 'Користувач увійшов у систему', '2025-12-12 11:52:39'),
(134, 2, 'BUY', 'Куплено товар: Pixel 8 Pro (Стасюк Юрій)', '2025-12-12 12:01:50'),
(135, 1, 'LOGIN', 'Користувач увійшов у систему', '2025-12-12 12:02:03'),
(136, 1, 'UPDATE', 'Змінено дані замовлення #50 (Клієнт: Стасюк Юрій)', '2025-12-12 12:05:27'),
(137, 2, 'LOGIN', 'Користувач увійшов у систему', '2025-12-12 12:08:19'),
(138, 1, 'LOGIN', 'Користувач увійшов у систему', '2025-12-12 12:15:50'),
(139, 1, 'DELETE', 'Звільнено співробітника: Степан Андрейків Іванович', '2025-12-12 14:36:21'),
(140, 1, 'UPDATE', 'Змінено дані замовлення #43 (Клієнт: Денис Бойко)', '2025-12-12 14:37:24');

-- --------------------------------------------------------

--
-- Структура таблиці `orders`
--

CREATE TABLE `orders` (
  `id` int(11) NOT NULL,
  `client_id` int(11) DEFAULT NULL,
  `contact_name` varchar(255) DEFAULT NULL,
  `contact_phone` varchar(50) DEFAULT NULL,
  `contact_email` varchar(255) DEFAULT NULL,
  `employee_id` int(11) DEFAULT NULL,
  `item_id` int(11) DEFAULT NULL,
  `device_model` varchar(100) DEFAULT NULL COMMENT 'Наприклад: iPhone 11, Samsung S21',
  `problem_description` text DEFAULT NULL COMMENT 'Опис проблеми зі слів клієнта',
  `status` enum('new','in_progress','done','issued','cancelled') DEFAULT 'new' COMMENT 'Статус замовлення',
  `created_at` datetime DEFAULT current_timestamp() COMMENT 'Дата прийому',
  `completed_at` datetime DEFAULT NULL COMMENT 'Дата виконання',
  `final_price` decimal(10,2) NOT NULL COMMENT 'Фактична ціна угоди',
  `image` varchar(255) DEFAULT NULL
) ENGINE=InnoDB DEFAULT CHARSET=utf8mb4 COLLATE=utf8mb4_unicode_ci;

--
-- Дамп даних таблиці `orders`
--

INSERT INTO `orders` (`id`, `client_id`, `contact_name`, `contact_phone`, `contact_email`, `employee_id`, `item_id`, `device_model`, `problem_description`, `status`, `created_at`, `completed_at`, `final_price`, `image`) VALUES
(19, 8, 'Тарас Кавка', '097 092 80 70', '', 5, 19, 'Iphone 11', 'Не працює FaceID', 'done', '2025-12-08 16:43:30', NULL, 2500.00, NULL),
(20, 9, 'Артем Муркот', '096 094 87 59', '', 5, 19, 'IPhone 11', 'Не працює FaceID', 'done', '2025-12-08 16:49:31', NULL, 2500.00, NULL),
(22, 8, 'Тарас Кавка', '097 092 80 70', '', 2, 19, 'iPhone 14 Pro', 'Не працює Face ID', 'new', '2025-12-08 20:34:10', NULL, 2500.00, NULL),
(29, 10, 'Артем Воловик', '097 098 34 84', 'artemv@ukr.net', 1, NULL, 'IPhone 14 Pro MAX', 'Не включається\r\n\r\n[Послуга: Діагностика]', 'done', '2025-12-08 22:08:47', NULL, 150.00, NULL),
(30, 12, 'Андрій Богаченко', '097 092 82 80', NULL, 2, NULL, 'Google Pixel 10', 'Не працює мікрофон\r\n\r\n[Послуга: Заміна мікрофону]', 'done', '2025-12-08 22:39:14', NULL, 550.00, NULL),
(31, 11, 'Анатолій Кичигін', '098 356 76 88', 'anatoliy@ukr.net', 3, NULL, 'Huawie Pura 70', 'Розбитий дисплей\r\n\r\n[Послуга: Заміна дисплея (Оригінал)]', 'done', '2025-12-09 14:41:39', NULL, 3500.00, NULL),
(32, 13, 'Іван Шиян', '097 980 43 83', 'ivanborik@ukr.net', 4, NULL, 'iPhone 11', 'Розбитий дисплей \r\n\r\n[Послуга: Заміна дисплея (Оригінал)]', 'done', '2025-12-09 18:21:50', NULL, 3500.00, NULL),
(36, 14, 'Андрій Палій', '097 074 54 65', '', 4, 20, 'Samsung S21 Ultra ', 'Не заряджається', 'in_progress', '2025-12-09 22:07:08', NULL, 650.00, NULL),
(37, 18, 'Остап Кочан', '097 834 54 31', 'ostap99@ukr.net', NULL, 38, 'Pixel 9 Pro', 'Покупка товару: Pixel 9 Pro\r\nСпосіб оплати: Готівка\r\nАдреса доставки: м. Львів, Нова Пошта №81', 'done', '2025-12-09 22:19:35', NULL, 20000.00, NULL),
(38, 17, 'Ангеліна Острозька', '096 999 54 34', 'angelinao@ukr.net', NULL, 44, 'Xiaomi Note 10 Pro', 'Покупка товару: Xiaomi Note 10 Pro\r\nСпосіб оплати: Готівка\r\nАдреса доставки: м. Луцьк, Нова Пошта №34', 'done', '2025-12-09 22:20:53', NULL, 4500.00, NULL),
(39, 10, 'Артем Воловик', '097 356 67 08', 'artemv@ukr.net', NULL, 43, 'iPhone X', 'Покупка товару: iPhone X\r\nСпосіб оплати: Готівка\r\nАдреса доставки: м. Львів, Нова Пошта №71', 'done', '2025-12-09 22:21:49', NULL, 11500.00, NULL),
(40, 15, 'Андрій Шевченко', '096 537 85 93', 'shevaa@ukr.net', NULL, 41, 'iPhone 13 Pro', 'Покупка товару: iPhone 13 Pro\r\nСпосіб оплати: Готівка\r\nАдреса доставки: м. Львів, Нова Пошта №66', 'done', '2025-12-09 22:23:03', NULL, 14000.00, NULL),
(41, 14, 'Андрій Палій', '097 834 54 67', 'andrikp@ukr.net', NULL, 45, 'Sumsung S25 Ultra', 'Покупка товару: Sumsung S25 Ultra\r\nСпосіб оплати: Готівка\r\nАдреса доставки: м. Львів, Нова Пошта №33', 'done', '2025-12-09 22:30:20', NULL, 23500.00, NULL),
(42, 16, 'Дмитро Лютик', '096 845 65 56', 'dimalll1@ukr.neet', 4, NULL, 'Pixel 9 Pro', 'Не вмикається\r\n\r\n[Послуга: Діагностика]', 'in_progress', '2025-12-09 22:36:51', NULL, 150.00, NULL),
(43, 19, 'Денис Бойко', '096 932 29 49', 'denis.boiko21@ukr.net', 3, 25, 'iPhone 17 Pro', 'Не працює мікрофон', 'new', '2025-12-11 20:32:10', NULL, 550.00, NULL),
(46, 20, 'Дмитро Комаров', '096 435 67 89', 'dmitriiykk@ukr.net', NULL, NULL, 'IPhone 16 Plus', 'Заміна акумулятора [Деталі: Не тримає заряд]', 'done', '2025-12-11 20:43:42', NULL, 2300.00, NULL),
(47, 21, 'Петро Порошенко', '097 954 78 65', '', 1, 28, 'Xiaomi Note 10 Pro', 'Не працює', 'in_progress', '2025-12-11 20:56:28', NULL, 4800.00, NULL),
(50, 22, 'Стасюк Юрій', '066 604 42 13', 'stasik.yy@ukr.net', NULL, 40, 'Pixel 8 Pro', 'Покупка товару: Pixel 8 Pro\r\nСпосіб оплати: Готівка\r\nАдреса доставки: м. Львів, Нова Пошта №29', 'done', '2025-12-12 12:01:50', NULL, 12000.00, NULL);

-- --------------------------------------------------------

--
-- Структура таблиці `products_services`
--

CREATE TABLE `products_services` (
  `id` int(11) NOT NULL,
  `name` varchar(150) NOT NULL COMMENT 'Назва послуги або запчастини',
  `type` enum('service','product') NOT NULL DEFAULT 'service' COMMENT 'Тип: послуга чи товар',
  `price` decimal(10,2) NOT NULL COMMENT 'Ціна за прайсом',
  `warranty_days` int(11) DEFAULT 0 COMMENT 'Гарантія у днях (0 якщо немає)',
  `description` text DEFAULT NULL COMMENT 'Опис характеристик',
  `is_sold` int(11) DEFAULT 0,
  `image` varchar(255) DEFAULT NULL
) ENGINE=InnoDB DEFAULT CHARSET=utf8mb4 COLLATE=utf8mb4_unicode_ci;

--
-- Дамп даних таблиці `products_services`
--

INSERT INTO `products_services` (`id`, `name`, `type`, `price`, `warranty_days`, `description`, `is_sold`, `image`) VALUES
(1, 'Заміна дисплея (Копія)', 'service', 1200.00, 30, 'Встановлення якісної копії екрану', 0, NULL),
(2, 'Заміна дисплея (Оригінал)', 'service', 3500.00, 180, 'Встановлення оригінального екрану', 0, NULL),
(3, 'Чистка після води', 'service', 800.00, 14, 'Ультразвукова чистка плати', 0, NULL),
(6, 'Діагностика', 'service', 150.00, 0, 'Повна перевірка функцій', 0, NULL),
(7, 'iPhone 11 64GB Black', 'product', 11500.00, 30, 'Б/В, Гарний стан, АКБ 88%', 0, '6935dc1e17843.png'),
(11, 'Заміна екрану iPhone X/XS (Оригінал)', 'service', 3800.00, 180, 'Original Refurbished', 0, NULL),
(12, 'Заміна екрану iPhone 11 (Копія High)', 'service', 1500.00, 30, 'Якісна копія TFT', 0, NULL),
(13, 'Заміна екрану iPhone 12/12 Pro (Оригінал)', 'service', 5500.00, 180, 'Знятий з донора', 0, NULL),
(14, 'Заміна АКБ iPhone 7/8 (Посилена)', 'service', 850.00, 90, 'Ємність +20%', 0, NULL),
(15, 'Заміна АКБ iPhone X/XS', 'service', 1100.00, 90, 'Стандартна ємність', 0, NULL),
(16, 'Заміна АКБ iPhone 11', 'service', 1400.00, 90, 'Без помилки в налаштуваннях', 0, NULL),
(17, 'Заміна скла камери iPhone 11-14', 'service', 600.00, 0, 'Без розбору телефону', 0, NULL),
(18, 'Заміна задньої кришки iPhone (Лазер)', 'service', 1200.00, 0, 'Лазерна зрізка', 0, NULL),
(19, 'Відновлення FaceID', 'service', 2500.00, 90, 'Ремонт датчика Dot Projector', 0, NULL),
(20, 'Заміна роз\'єму зарядки Type-C', 'service', 650.00, 30, 'Пайка роз\'єму', 0, NULL),
(21, 'Заміна скла дисплею (Переклейка) Samsung S series', 'service', 2800.00, 90, 'Збереження оригінальної матриці', 0, NULL),
(22, 'Заміна екрану Samsung A51 (Service Pack)', 'service', 3200.00, 180, 'Офіційний сервісний оригінал', 0, NULL),
(23, 'Прошивка / Зняття Google акаунту (FRP)', 'service', 500.00, 0, 'Програмний ремонт', 0, NULL),
(24, 'Чистка динаміків (Сіточки)', 'service', 200.00, 0, 'Без розбору', 0, NULL),
(25, 'Заміна мікрофону', 'service', 550.00, 30, 'Пайка або заміна плати', 0, NULL),
(26, 'Поклейка гідрогелевої плівки (Преміум)', 'service', 350.00, 0, 'Матова або глянцева', 0, NULL),
(27, 'Перенесення даних', 'service', 400.00, 0, 'З телефону на телефон', 0, NULL),
(28, 'Складна пайка плати (за 1 год)', 'service', 800.00, 30, 'Відновлення ланцюгів живлення', 0, NULL),
(36, 'Google Pixel 10 Pro Fold', 'product', 90000.00, 365, 'Ідеальний стан, царапина на корпусі', 0, '693875ec89cf7.png'),
(38, 'Pixel 9 Pro', 'product', 20000.00, 180, 'Добре збережений', 1, '69387653aef85.png'),
(39, 'Xiaomi Note 14', 'product', 7500.00, 180, 'Ідеальний стан', 0, '693882a552e9b.webp'),
(40, 'Pixel 8 Pro', 'product', 12000.00, 100, 'Стан ідеальний', 1, '693882d12362b.png'),
(41, 'iPhone 13 Pro', 'product', 14000.00, 180, 'АКБ 91%, стан добрий', 1, '6938833c8c2af.png'),
(42, 'iPhone 15 Pro Max', 'product', 25000.00, 365, 'Добре збережений', 0, '69388396e6140.png'),
(43, 'iPhone X', 'product', 11500.00, 90, 'Стан задовільний', 1, '693883c7bde87.png'),
(44, 'Xiaomi Note 10 Pro', 'product', 4500.00, 60, 'Добре збережений', 1, '693883fc9e56b.png'),
(45, 'Sumsung S25 Ultra', 'product', 23500.00, 180, 'В середньому стані', 1, '693886843e958.webp'),
(46, 'Pixel 8 Pro', 'product', 14500.00, 180, 'Стан ідеальний', 0, '693be924393a2.png');

-- --------------------------------------------------------

--
-- Структура таблиці `reviews`
--

CREATE TABLE `reviews` (
  `id` int(11) NOT NULL,
  `user_id` int(11) DEFAULT NULL,
  `user_name` varchar(100) DEFAULT NULL,
  `rating` int(11) DEFAULT NULL,
  `comment` text DEFAULT NULL,
  `created_at` datetime DEFAULT current_timestamp()
) ENGINE=InnoDB DEFAULT CHARSET=utf8mb4 COLLATE=utf8mb4_unicode_ci;

--
-- Дамп даних таблиці `reviews`
--

INSERT INTO `reviews` (`id`, `user_id`, `user_name`, `rating`, `comment`, `created_at`) VALUES
(1, 2, 'Маркіян (Клієнт)', 4, 'Все  супер', '2025-12-06 18:20:51'),
(2, 2, 'Юрій Стасик', 3, 'Нема чупачупсів', '2025-12-08 14:49:11'),
(3, 2, 'Андрій Шевченко', 5, 'Дякую майстрам за гарну роботу! Рекомендую!Допомогли мені  полагодити телефон, все вчасно та якісно.', '2025-12-12 00:26:52'),
(4, 2, 'Аня Стасюк', 5, 'Дякую за роботу! Сервіс на вищому рівні!)Швидко і якісно зробили ремонт дисплею.', '2025-12-12 00:27:43'),
(5, 2, 'Антоніо Белачао', 4, 'Хороший сервіс, швидкий і якісний ремонт адекватні ціни', '2025-12-12 00:29:07');

-- --------------------------------------------------------

--
-- Структура таблиці `users`
--

CREATE TABLE `users` (
  `id` int(11) NOT NULL,
  `username` varchar(50) NOT NULL,
  `password` varchar(255) NOT NULL,
  `role` enum('admin','user') NOT NULL DEFAULT 'user',
  `full_name` varchar(100) NOT NULL,
  `created_at` datetime DEFAULT current_timestamp()
) ENGINE=InnoDB DEFAULT CHARSET=utf8mb4 COLLATE=utf8mb4_unicode_ci;

--
-- Дамп даних таблиці `users`
--

INSERT INTO `users` (`id`, `username`, `password`, `role`, `full_name`, `created_at`) VALUES
(1, 'admin', '$2y$10$BcruFKAeslYGwOG7cv8P6.UkXLUIHD.1rKBIj1fDmTGdf/sr.eB7O', 'admin', 'Головний Адміністратор', '2025-11-30 15:44:53'),
(2, 'markian', '$2y$10$zSa0MDXq3sTE48BhG1eEBeCzWtK0Vsj0.S8VYrjK8W2a44Jr45r6q', 'user', 'Користувач', '2025-11-30 15:44:53');

--
-- Індекси збережених таблиць
--

--
-- Індекси таблиці `clients`
--
ALTER TABLE `clients`
  ADD PRIMARY KEY (`id`);

--
-- Індекси таблиці `employees`
--
ALTER TABLE `employees`
  ADD PRIMARY KEY (`id`);

--
-- Індекси таблиці `feedback`
--
ALTER TABLE `feedback`
  ADD PRIMARY KEY (`id`);

--
-- Індекси таблиці `job_applications`
--
ALTER TABLE `job_applications`
  ADD PRIMARY KEY (`id`);

--
-- Індекси таблиці `logs`
--
ALTER TABLE `logs`
  ADD PRIMARY KEY (`id`),
  ADD KEY `user_id` (`user_id`);

--
-- Індекси таблиці `orders`
--
ALTER TABLE `orders`
  ADD PRIMARY KEY (`id`),
  ADD KEY `client_id` (`client_id`),
  ADD KEY `employee_id` (`employee_id`),
  ADD KEY `item_id` (`item_id`);

--
-- Індекси таблиці `products_services`
--
ALTER TABLE `products_services`
  ADD PRIMARY KEY (`id`);

--
-- Індекси таблиці `reviews`
--
ALTER TABLE `reviews`
  ADD PRIMARY KEY (`id`);

--
-- Індекси таблиці `users`
--
ALTER TABLE `users`
  ADD PRIMARY KEY (`id`),
  ADD UNIQUE KEY `username` (`username`);

--
-- AUTO_INCREMENT для збережених таблиць
--

--
-- AUTO_INCREMENT для таблиці `clients`
--
ALTER TABLE `clients`
  MODIFY `id` int(11) NOT NULL AUTO_INCREMENT, AUTO_INCREMENT=23;

--
-- AUTO_INCREMENT для таблиці `employees`
--
ALTER TABLE `employees`
  MODIFY `id` int(11) NOT NULL AUTO_INCREMENT, AUTO_INCREMENT=7;

--
-- AUTO_INCREMENT для таблиці `feedback`
--
ALTER TABLE `feedback`
  MODIFY `id` int(11) NOT NULL AUTO_INCREMENT, AUTO_INCREMENT=8;

--
-- AUTO_INCREMENT для таблиці `job_applications`
--
ALTER TABLE `job_applications`
  MODIFY `id` int(11) NOT NULL AUTO_INCREMENT, AUTO_INCREMENT=4;

--
-- AUTO_INCREMENT для таблиці `logs`
--
ALTER TABLE `logs`
  MODIFY `id` int(11) NOT NULL AUTO_INCREMENT, AUTO_INCREMENT=141;

--
-- AUTO_INCREMENT для таблиці `orders`
--
ALTER TABLE `orders`
  MODIFY `id` int(11) NOT NULL AUTO_INCREMENT, AUTO_INCREMENT=51;

--
-- AUTO_INCREMENT для таблиці `products_services`
--
ALTER TABLE `products_services`
  MODIFY `id` int(11) NOT NULL AUTO_INCREMENT, AUTO_INCREMENT=47;

--
-- AUTO_INCREMENT для таблиці `reviews`
--
ALTER TABLE `reviews`
  MODIFY `id` int(11) NOT NULL AUTO_INCREMENT, AUTO_INCREMENT=6;

--
-- AUTO_INCREMENT для таблиці `users`
--
ALTER TABLE `users`
  MODIFY `id` int(11) NOT NULL AUTO_INCREMENT, AUTO_INCREMENT=3;

--
-- Обмеження зовнішнього ключа збережених таблиць
--

--
-- Обмеження зовнішнього ключа таблиці `logs`
--
ALTER TABLE `logs`
  ADD CONSTRAINT `logs_ibfk_1` FOREIGN KEY (`user_id`) REFERENCES `users` (`id`) ON DELETE SET NULL;

--
-- Обмеження зовнішнього ключа таблиці `orders`
--
ALTER TABLE `orders`
  ADD CONSTRAINT `orders_ibfk_1` FOREIGN KEY (`client_id`) REFERENCES `clients` (`id`) ON DELETE SET NULL,
  ADD CONSTRAINT `orders_ibfk_2` FOREIGN KEY (`employee_id`) REFERENCES `employees` (`id`) ON DELETE SET NULL,
  ADD CONSTRAINT `orders_ibfk_3` FOREIGN KEY (`item_id`) REFERENCES `products_services` (`id`) ON DELETE SET NULL;
COMMIT;

/*!40101 SET CHARACTER_SET_CLIENT=@OLD_CHARACTER_SET_CLIENT */;
/*!40101 SET CHARACTER_SET_RESULTS=@OLD_CHARACTER_SET_RESULTS */;
/*!40101 SET COLLATION_CONNECTION=@OLD_COLLATION_CONNECTION */;
